{"cameraMode":{"drawMode":0,"name":"Shaded","section":"Shading Mode"},"sceneLighting":true,"audioPlay":false,"sceneViewState":{"m_AlwaysRefresh":false,"showFog":true,"showSkybox":true,"showFlares":true,"showImageEffects":true,"showParticleSystems":true,"showVisualEffectGraphs":true,"m_FxEnabled":true},"in2DMode":false,"pivot":{"x":76.17493438720703,"y":1.9906009435653687,"z":80.97399139404297},"rotation":{"x":0.41264182329177859,"y":-0.2563861906528473,"z":0.12223944067955017,"w":0.8654797673225403},"size":17.803394317626954,"orthographic":false}